col_0,col_1,col_2,col_3,col_4,col_5,col_6,col_7,col_8,col_9
0.184780,-0.597276,0.665412,0.918728,-1.212886,0.454044,-1.333830,-0.096641,0.000774,0.182591
